{
	"game": "warzone",
	"name": "Castles",
	"builder": "LOkeys and NinjaTrev",
	"locations": [
		{
			"name": "red-spawn",
			"coords": "-161, 101, 0",
			"yaw": "-90"
		},
		{
			"name": "blue-spawn",
			"coords": "13, 101, 0",
			"yaw": "90"
		},
		{
			"name": "tower-red-1:1",
			"coords": "-144, 110, -19"
		},
		{
			"name": "tower-red-1:2",
			"coords": "-150, 99, -25"
		},
		{
			"name": "tower-red-2:1",
			"coords": "-150, 99, 19"
		},
		{
			"name": "tower-red-2:2",
			"coords": "-144, 110, 25"
		},
		{
			"name": "tower-blue-1:1",
			"coords": "2, 99, -19"
		},
		{
			"name": "tower-blue-1:2",
			"coords": "-4, 110, -25"
		},
		{
			"name": "tower-blue-2:1",
			"coords": "2, 99, 19"
		},
		{
			"name": "tower-blue-2:2",
			"coords": "-4, 110, 25"
		}
	]
}